City_ID,City,Country,Lat,Lng,Max Temp,Humidity,Cloudiness,Wind Speed,Current description
0,Luderitz,NA,-26.6481,15.1594,77.56,47,0,29.62,clear sky
1,Comodoro Rivadavia,AR,-45.8667,-67.5,71.6,60,75,4.61,broken clouds
2,Grindavik,IS,63.8424,-22.4338,30.2,86,75,26.46,broken clouds
3,Santa Catalina,PH,9.3337,122.8637,80.6,83,75,6.91,broken clouds
4,Saint-Medard-En-Jalles,FR,44.8969,-0.7214,57.0,58,0,5.75,clear sky
5,Pastos Bons,BR,-6.6017,-44.0767,79.21,80,100,5.17,overcast clouds
6,Hermanus,ZA,-34.4187,19.2345,75.99,57,24,8.01,few clouds
7,Bluff,NZ,-46.6,168.3333,46.0,88,100,11.99,light rain
8,Punta Arenas,CL,-53.15,-70.9167,55.4,58,75,10.36,broken clouds
9,Dapaong,TG,10.8639,0.205,94.03,10,0,10.85,clear sky
10,Klaksvik,FO,62.2266,-6.589,39.2,75,24,10.36,few clouds
11,Ha Tinh,VN,18.3333,105.9,57.56,83,41,3.09,scattered clouds
12,Sitka,US,57.0531,-135.33,39.2,81,90,17.27,light snow
13,Yeppoon,AU,-23.1333,150.7333,78.8,73,39,5.73,scattered clouds
14,Vardo,NO,70.3705,31.1107,26.6,80,75,23.02,light snow
15,Kropotkin,RU,45.4375,40.5756,24.08,95,100,8.9,overcast clouds
16,Busselton,AU,-33.65,115.3333,69.94,81,0,6.62,clear sky
17,Kapaa,US,22.0752,-159.319,69.8,83,90,29.93,light rain
18,Khatanga,RU,71.9667,102.5,-35.66,81,55,8.86,broken clouds
19,Serra Talhada,BR,-7.9919,-38.2983,85.06,41,77,9.6,broken clouds
20,Normandin,CA,48.8333,-72.5321,-9.4,84,2,3.44,clear sky
21,Egvekinot,RU,66.3167,-179.1667,-21.41,86,75,2.06,broken clouds
22,Torbay,CA,47.6666,-52.7314,37.0,100,90,4.61,mist
23,Butaritari,KI,3.0707,172.7902,80.76,83,100,18.01,light rain
24,Bredasdorp,ZA,-34.5322,20.0403,77.0,50,40,23.02,scattered clouds
25,Hobart,AU,-42.8794,147.3294,51.8,50,40,10.36,scattered clouds
26,Barrow,US,71.2906,-156.7887,1.4,71,90,27.63,snow
27,Port Hedland,AU,-20.3167,118.5667,89.6,66,84,9.22,broken clouds
28,Ambon,ID,-3.6954,128.1814,80.6,83,40,10.36,scattered clouds
29,Hofn,IS,64.2539,-15.2082,35.69,80,0,20.15,clear sky
30,Rikitea,PF,-23.1203,-134.9692,77.47,75,56,14.27,broken clouds
31,New Norfolk,AU,-42.7826,147.0587,51.8,50,40,10.36,scattered clouds
32,Ushuaia,AR,-54.8,-68.3,51.8,62,40,18.41,scattered clouds
33,Kruisfontein,ZA,-34.0033,24.7314,78.01,70,58,13.0,broken clouds
34,Kendari,ID,-3.945,122.4989,77.59,83,100,2.17,overcast clouds
35,Mayo,US,38.8876,-76.5119,35.6,55,1,4.61,clear sky
36,Luanda,AO,-8.8368,13.2343,82.4,65,75,6.91,broken clouds
37,Severo-Kurilsk,RU,50.6789,156.125,14.77,89,89,24.47,light snow
38,Cabedelo,BR,-6.9811,-34.8339,82.4,74,75,6.91,broken clouds
39,Castro,BR,-24.7911,-50.0119,64.11,97,100,8.43,light rain
40,Victoria,HK,22.2855,114.1577,62.01,75,83,1.99,broken clouds
41,Tasiilaq,GL,65.6145,-37.6368,21.2,53,20,16.11,few clouds
42,Ilulissat,GL,69.2167,-51.1,19.4,68,75,2.3,broken clouds
43,Puerto Ayora,EC,-0.7393,-90.3518,73.0,99,65,3.85,broken clouds
44,Qaanaaq,GL,77.484,-69.3632,2.57,77,0,7.9,clear sky
45,Mataura,NZ,-46.1927,168.8643,46.0,88,12,11.99,moderate rain
46,Dikson,RU,73.5069,80.5464,-20.15,88,89,15.88,overcast clouds
47,Champerico,GT,14.3,-91.9167,71.6,88,0,4.68,clear sky
48,Albany,US,42.6001,-73.9662,28.0,78,90,1.57,overcast clouds
49,Tansen,NP,27.8673,83.5467,51.75,78,50,0.6,scattered clouds
50,Narsaq,GL,60.9167,-46.05,23.0,58,75,4.61,broken clouds
51,Chokurdakh,RU,70.6333,147.9167,-36.38,83,13,5.08,few clouds
52,Cabo San Lucas,MX,22.8909,-109.9124,66.99,72,1,6.91,clear sky
53,Waddan,LY,29.1614,16.139,60.03,42,4,11.34,clear sky
54,Dingle,PH,10.9995,122.6711,73.27,89,100,5.93,light rain
55,Izmir,TR,38.4622,27.0923,44.6,33,40,6.91,scattered clouds
56,Faanui,PF,-16.4833,-151.75,81.0,74,7,14.14,clear sky
57,Kerman,IR,30.2832,57.0788,62.6,5,0,4.61,clear sky
58,Vaini,TO,-21.2,-175.2,77.0,94,20,6.96,few clouds
59,North Bend,US,43.4065,-124.2243,41.0,93,1,4.61,clear sky
60,Ponta Do Sol,PT,32.6667,-17.1,66.2,59,40,23.02,scattered clouds
61,San Cristobal,VE,7.7669,-72.225,77.0,78,40,2.3,light rain
62,Ugoofaaru,MV,5.6667,73.0,81.88,73,0,11.32,clear sky
63,Villarrica,PY,-25.75,-56.4333,75.99,64,19,4.54,few clouds
64,Cape Town,ZA,-33.9258,18.4232,77.0,47,20,19.57,few clouds
65,Omsukchan,RU,62.5333,155.8,-42.63,77,85,5.7,overcast clouds
66,Provideniya,RU,64.3833,-173.3,-9.13,87,97,6.08,overcast clouds
67,Upernavik,GL,72.7868,-56.1549,9.16,76,98,9.4,overcast clouds
68,Siderno,IT,38.2779,16.302,57.2,41,0,8.05,clear sky
69,Asau,RO,46.4333,26.4,23.0,86,75,10.36,broken clouds
70,Mar Del Plata,AR,-38.0023,-57.5575,75.2,57,0,3.44,clear sky
71,Acari,PE,-15.4311,-74.6158,75.31,61,54,4.27,broken clouds
72,Beeville,US,28.4008,-97.7483,68.0,100,90,9.22,overcast clouds
73,Khor,RU,47.8861,134.9464,-13.47,86,0,10.4,clear sky
74,Singkang,MY,2.1006,102.7994,78.8,73,20,6.91,few clouds
75,Plettenberg Bay,ZA,-34.0527,23.3716,70.79,73,98,12.8,overcast clouds
76,Ryabovo,RU,59.4,31.1333,23.0,86,40,2.24,light snow
77,Yar-Sale,RU,66.8333,70.8333,-17.75,87,100,8.9,overcast clouds
78,Seoni,IN,22.0833,79.5333,73.69,44,6,6.46,clear sky
79,Vila Franca Do Campo,PT,37.7167,-25.4333,62.01,77,20,28.77,few clouds
80,Hithadhoo,MV,-0.6,73.0833,81.52,70,100,9.73,overcast clouds
81,Avarua,CK,-21.2078,-159.775,82.4,78,20,6.91,few clouds
82,Esperance,AU,-33.8667,121.9,80.6,41,0,16.11,clear sky
83,Qasigiannguit,GL,68.8193,-51.1922,19.4,68,75,2.3,broken clouds
84,Yellowknife,CA,62.456,-114.3525,5.0,85,90,18.41,light snow
85,Port Alfred,ZA,-33.5906,26.891,75.0,80,0,11.99,clear sky
86,Harper,LR,4.375,-7.7169,84.04,68,24,4.76,light rain
87,Bethel,US,41.3712,-73.414,32.0,80,20,6.91,few clouds
88,Kharp,RU,66.8014,65.8081,-23.3,81,37,2.57,scattered clouds
89,Seddon,AU,-37.8068,144.8916,59.0,62,75,10.36,broken clouds
90,Pochutla,MX,15.7432,-96.4661,68.0,84,70,1.99,broken clouds
91,Atuona,PF,-9.8,-139.0333,77.72,73,2,16.89,clear sky
92,Souillac,MU,-20.5167,57.5167,86.0,74,75,16.11,light rain
93,Roma,US,43.2128,-75.4557,25.0,80,90,4.61,mist
94,Knysna,ZA,-34.0363,23.0471,68.0,88,90,11.5,overcast clouds
95,Carnarvon,AU,-24.8667,113.6333,78.8,83,0,17.27,clear sky
96,Saint-Philippe,RE,-21.3585,55.7679,89.6,62,75,6.91,broken clouds
97,Mehamn,NO,71.0357,27.8492,26.6,68,75,9.22,light snow
98,Ancud,CL,-41.8697,-73.8203,64.4,68,40,3.44,scattered clouds
99,Clyde River,CA,70.4692,-68.5914,-0.4,85,90,2.3,overcast clouds
100,Katherine,AU,-14.4667,132.2667,78.8,94,75,8.05,light rain
101,Olafsvik,IS,64.8945,-23.7142,30.42,91,100,25.88,light snow
102,Kaitangata,NZ,-46.2817,169.8464,46.6,73,3,9.98,clear sky
103,Ordu,TR,40.9086,37.6845,42.8,39,20,4.61,few clouds
104,San Juan,AR,-31.5375,-68.5364,81.99,26,0,1.57,clear sky
105,Sal Rei,CV,16.1833,-22.9167,75.2,53,100,14.97,overcast clouds
106,Cherskiy,RU,68.75,161.3,-41.55,80,100,7.23,overcast clouds
107,Strelka,RU,58.0728,93.0344,-5.31,91,100,3.44,overcast clouds
108,Bathsheba,BB,13.2167,-59.5167,80.6,69,20,26.46,few clouds
109,Airai,TL,-8.9266,125.4092,62.49,100,100,1.63,moderate rain
110,Padang,ID,-0.9492,100.3543,78.8,83,20,2.3,few clouds
111,Meulaboh,ID,4.1363,96.1285,78.51,83,100,3.11,overcast clouds
112,Lavrentiya,RU,65.5833,-171.0,-15.2,83,17,6.91,few clouds
113,Torva,EE,58.0028,25.935,21.99,86,0,4.61,clear sky
114,Flinders,AU,-34.5833,150.8552,64.0,81,100,1.01,overcast clouds
115,Tuatapere,NZ,-46.1333,167.6833,46.0,88,100,11.99,overcast clouds
116,Saskylakh,RU,71.9167,114.0833,-26.21,85,100,5.14,light snow
117,Gallup,US,35.5281,-108.7426,32.0,80,90,16.11,snow
118,Owando,CG,-0.4819,15.8999,90.7,49,90,2.98,light rain
119,Bilibino,RU,68.0546,166.4372,-39.84,78,97,1.61,overcast clouds
120,Onalaska,US,43.8844,-91.2351,24.8,74,90,4.61,overcast clouds
121,Tazovskiy,RU,67.4667,78.7,-12.33,90,100,7.63,overcast clouds
122,Vao,NC,-22.6667,167.4833,79.32,86,100,7.4,moderate rain
123,Lapua,FI,62.9693,23.0088,30.0,99,97,3.89,overcast clouds
124,Leningradskiy,RU,69.3833,178.4167,-17.3,87,100,15.28,light snow
125,Isla Vista,US,34.4133,-119.861,57.2,82,90,6.91,overcast clouds
126,Belyy Yar,RU,53.6039,91.3903,10.4,52,0,6.71,clear sky
127,Bambous Virieux,MU,-20.3428,57.7575,86.0,74,75,16.11,broken clouds
128,Dukat,RU,62.55,155.55,-43.1,79,97,5.23,overcast clouds
129,Sao Joao Da Barra,BR,-21.6403,-41.0511,87.8,51,0,3.44,clear sky
130,Petrozavodsk,RU,61.7849,34.3469,26.6,86,75,6.71,snow
131,Iquique,CL,-20.2208,-70.1431,69.8,56,0,2.3,clear sky
132,Berwick,US,41.0545,-76.2333,33.01,73,23,6.71,few clouds
133,Arraial Do Cabo,BR,-22.9661,-42.0278,86.0,62,0,10.36,clear sky
134,Georgetown,MY,5.4112,100.3354,84.2,70,20,5.75,few clouds
135,Chilca,PE,-12.5211,-76.7372,73.0,88,0,6.91,clear sky
136,Huangchuan,CN,32.1272,115.0394,45.75,57,0,7.07,clear sky
137,Port Hueneme,US,34.1478,-119.1951,61.0,71,1,11.5,clear sky
138,Thompson,CA,55.7435,-97.8558,-11.2,77,40,6.91,scattered clouds
139,Luwuk,ID,-0.9516,122.7875,79.7,79,100,1.07,light rain
140,Westport,US,41.1415,-73.3579,35.6,69,90,6.91,overcast clouds
141,Nikolskoye,RU,59.7035,30.7861,23.0,86,40,2.24,snow
142,Killybegs,IE,54.6333,-8.45,45.0,100,90,3.44,light rain
143,Lompoc,US,34.6391,-120.4579,55.0,75,0,7.43,clear sky
144,San Carlos De Bariloche,AR,-41.1456,-71.3082,64.4,42,0,3.31,clear sky
145,Nishihara,JP,26.1842,127.7558,60.8,58,20,4.61,few clouds
146,Jamestown,US,42.097,-79.2353,28.0,93,90,10.36,light snow
147,Constitucion,CL,-35.3333,-72.4167,67.19,66,0,6.11,clear sky
148,Jalu,LY,29.0331,21.5482,64.11,40,63,13.96,broken clouds
149,Vilhena,BR,-12.7406,-60.1458,68.0,88,20,10.36,few clouds
150,Touros,BR,-5.1989,-35.4608,84.2,61,75,16.11,broken clouds
151,Shevchenkove,UA,49.6959,37.1735,8.6,85,75,6.71,light snow
152,Am Timan,TD,11.0297,20.2827,96.26,9,0,7.38,clear sky
153,Zapolyarnyy,RU,69.4154,30.8136,19.4,79,0,2.3,clear sky
154,Nantucket,US,41.2835,-70.0995,32.0,59,1,10.36,clear sky
155,Caxito,AO,-8.5785,13.6643,82.4,65,75,6.91,broken clouds
156,Pavelets,RU,53.7883,39.246,-2.29,93,100,3.89,overcast clouds
157,Segezha,RU,63.7415,34.3222,15.69,97,79,9.04,broken clouds
158,Lorengau,PG,-2.0226,147.2712,82.69,77,45,8.68,scattered clouds
159,Xining,CN,36.6167,101.7667,23.41,64,35,2.37,scattered clouds
160,Lima,PE,-12.0432,-77.0282,73.0,88,0,6.91,clear sky
161,Tuktoyaktuk,CA,69.4541,-133.0374,-2.74,91,100,16.67,overcast clouds
162,College,US,64.8569,-147.8028,24.8,58,75,16.11,light snow
163,Port Blair,IN,11.6667,92.75,78.8,76,31,12.5,scattered clouds
164,Srednekolymsk,RU,67.45,153.6833,-44.03,79,45,5.21,scattered clouds
165,Husavik,IS,66.0449,-17.3389,33.8,93,90,12.66,snow
166,Englewood,US,39.6478,-104.9878,26.01,74,90,3.44,overcast clouds
167,Tabira,BR,-7.5908,-37.5394,85.12,42,89,9.17,overcast clouds
168,Hamilton,US,39.1834,-84.5333,33.01,74,90,5.75,overcast clouds
169,Tautira,PF,-17.7333,-149.15,78.8,73,20,3.44,few clouds
170,Hilo,US,19.7297,-155.09,69.8,88,90,3.44,moderate rain
171,Dawson Creek,CA,55.7666,-120.2362,42.8,49,20,14.97,few clouds
172,Dahra,DZ,36.2546,0.8519,57.2,47,0,6.91,clear sky
173,Havre-Saint-Pierre,CA,50.2334,-63.5986,15.8,79,90,14.97,light snow
174,Semme,FR,46.1963,1.5007,48.99,49,0,13.8,clear sky
175,Clifton,US,40.8584,-74.1638,35.6,69,90,6.91,overcast clouds
176,Lebu,CL,-37.6167,-73.65,61.93,78,0,17.85,clear sky
177,Kodiak,US,57.79,-152.4072,30.2,43,1,4.61,clear sky
178,Pisco,PE,-13.7,-76.2167,71.6,78,0,8.05,clear sky
179,Rio Pardo,BR,-29.9897,-52.3781,75.85,52,0,7.43,clear sky
180,Ust-Nera,RU,64.5667,143.2,-18.74,74,100,0.49,overcast clouds
181,Riga,LV,57.0,24.0833,19.4,86,75,8.05,broken clouds
182,Pevek,RU,69.7008,170.3133,-28.12,86,100,4.38,overcast clouds
183,Novikovo,RU,51.1537,37.8879,5.22,93,100,5.26,overcast clouds
184,Divnogorsk,RU,55.9594,92.3619,6.8,72,40,6.71,light snow
185,East London,ZA,-33.0153,27.9116,73.4,73,20,25.32,few clouds
186,Kysyl-Syr,RU,63.8986,122.7617,-51.56,75,61,8.39,broken clouds
187,Acajutla,SV,13.5928,-89.8275,77.41,65,0,5.59,clear sky
188,Salinas,US,36.6777,-121.6555,57.2,18,1,12.66,clear sky
189,Morondava,MG,-20.2833,44.2833,87.87,70,7,17.09,clear sky
190,Sao Filipe,CV,14.8961,-24.4956,75.76,57,100,12.66,overcast clouds
191,Kabale,UG,-1.2486,29.9899,71.98,62,100,6.62,light rain
192,Muravlenko,RU,63.7898,74.523,-24.05,87,82,10.83,broken clouds
193,Huarmey,PE,-10.0681,-78.1522,72.28,75,97,3.33,overcast clouds
194,Inta,RU,66.0317,60.1659,-4.36,92,100,7.43,light snow
195,Namatanai,PG,-3.6667,152.4333,80.01,81,100,8.34,light rain
196,Poum,NC,-20.2333,164.0167,78.17,91,100,6.85,moderate rain
197,Rabo De Peixe,PT,37.8,-25.5833,62.01,77,20,28.77,light rain
198,Nador,MA,35.174,-2.9287,59.0,58,20,4.61,few clouds
199,Bairiki,KI,1.3292,172.9752,78.8,89,40,6.91,light rain
200,Port Hardy,CA,50.6996,-127.4199,44.6,93,90,5.75,overcast clouds
201,Vila Velha,BR,-20.3297,-40.2925,86.0,54,20,13.8,few clouds
202,Sola,VU,-13.8833,167.55,83.03,79,36,11.03,light rain
203,Tiksi,RU,71.6872,128.8694,-25.64,86,100,4.88,overcast clouds
204,Port Elizabeth,ZA,-33.918,25.5701,73.4,78,40,24.16,scattered clouds
205,Douentza,ML,14.9951,-2.9517,91.44,11,6,12.84,clear sky
206,Riyadh,SA,24.6877,46.7219,71.6,20,0,10.36,clear sky
207,Okitipupa,NG,6.5047,4.7839,98.13,34,6,1.63,clear sky
208,Quatre Cocos,MU,-20.2078,57.7625,86.0,74,75,16.11,broken clouds
209,Valparaiso,CL,-33.0393,-71.6273,61.0,100,90,8.05,fog
210,Acapulco,MX,16.8634,-99.8901,73.4,94,40,4.61,scattered clouds
211,Laguna,US,38.421,-121.4238,54.0,24,1,20.71,clear sky
212,Avera,US,33.194,-82.5271,28.4,74,1,3.02,haze
213,Thinadhoo,MV,0.5333,72.9333,81.63,65,53,5.99,broken clouds
214,Nanortalik,GL,60.1432,-45.2371,29.34,84,56,11.07,broken clouds
215,Stepnyak,KZ,52.8339,70.7803,-4.88,89,95,6.29,overcast clouds
216,Smoky Lake,CA,54.1169,-112.4686,21.2,79,100,4.61,overcast clouds
217,Mehriz,IR,31.5917,54.4318,62.6,9,0,6.91,clear sky
218,Haimen,CN,23.1935,116.6142,62.6,59,75,6.71,broken clouds
219,Yenagoa,NG,4.9247,6.2642,94.68,35,7,3.91,clear sky
220,Port Augusta,AU,-32.5,137.7667,73.99,77,0,8.05,clear sky
221,Boende,CD,-0.2167,20.8667,91.49,45,100,1.79,overcast clouds
222,Dzaoudzi,YT,-12.7887,45.2699,86.0,74,75,14.97,moderate rain
223,Sept-Iles,CA,50.2001,-66.3821,8.6,72,0,10.36,clear sky
224,Hauterive,FR,46.0901,3.4459,48.2,43,0,5.75,clear sky
225,Toguchin,RU,55.2353,84.3858,-8.5,89,98,11.5,overcast clouds
226,Chama,CH,47.1821,8.4636,37.99,75,0,3.44,clear sky
227,Saint-Georges,GD,12.0564,-61.7485,80.6,74,40,20.71,light rain
228,Port Lincoln,AU,-34.7333,135.8667,63.25,73,2,15.99,heavy intensity rain
229,Amuntai,ID,-2.4177,115.2494,76.32,89,100,3.87,moderate rain
230,Kingaroy,AU,-26.5333,151.8333,71.6,73,40,8.05,scattered clouds
231,Smithers,CA,54.7804,-127.1743,33.8,93,90,8.05,light snow
232,Pangnirtung,CA,66.1451,-65.7125,28.4,54,75,16.11,snow
233,Camacupa,AO,-12.0167,17.4833,79.81,45,100,4.94,overcast clouds
234,Broome,US,42.2506,-75.833,30.0,80,90,5.75,overcast clouds
235,Mufumbwe,ZM,-13.6833,24.8,75.92,85,100,7.47,moderate rain
236,Strathmore,CA,51.0501,-113.3852,19.99,85,91,6.91,overcast clouds
237,Sande,DE,53.5049,8.0142,46.0,93,75,11.5,mist
238,Pyshma,RU,56.9523,63.2513,-0.83,91,100,4.88,overcast clouds
239,Kavieng,PG,-2.5744,150.7967,82.04,78,100,11.01,light rain
240,Lisbon,PT,38.7167,-9.1333,55.99,100,75,3.44,mist
241,Chuy,UY,-33.6971,-53.4616,73.94,49,0,5.64,clear sky
242,Biograd Na Moru,HR,43.9433,15.4519,48.2,53,75,3.44,broken clouds
243,Cidreira,BR,-30.1811,-50.2056,75.04,56,0,7.58,clear sky
244,Bilma,NE,18.6853,12.9164,76.26,18,0,8.05,clear sky
245,Nyurba,RU,63.2842,118.3319,-47.52,76,100,9.06,overcast clouds
246,Solnechnyy,RU,50.7214,136.6319,-14.78,82,0,2.37,clear sky
247,Nitra,SK,48.3076,18.0845,39.0,80,100,1.14,mist
248,Lyuban,BY,52.7985,28.0048,2.84,93,91,2.77,overcast clouds
249,Kapoeta,SS,4.7717,33.5903,95.92,21,9,5.61,clear sky
250,Komsomolskiy,UZ,40.4272,71.7189,48.2,49,100,2.3,haze
251,Rocha,UY,-34.4833,-54.3333,79.61,33,0,6.6,clear sky
252,Holme,DK,56.1138,10.1725,37.4,100,90,6.91,overcast clouds
253,Ulaanbaatar,MN,47.9077,106.8832,-5.8,77,99,2.24,overcast clouds
254,Miyako,JP,39.6367,141.9525,17.38,86,0,9.55,clear sky
255,Saldanha,ZA,-33.0117,17.9442,77.0,72,40,23.02,scattered clouds
256,Atambua,ID,-9.1061,124.8925,74.21,90,100,0.81,overcast clouds
257,Beloha,MG,-25.1667,45.05,79.7,71,96,16.49,overcast clouds
258,Bafut,CM,6.0833,10.1,88.95,14,0,6.78,clear sky
259,Bac Lieu,VN,9.285,105.7244,74.79,76,100,4.59,overcast clouds
260,Hirara,JP,24.8,125.2833,66.65,74,100,23.33,overcast clouds
261,Banda Aceh,ID,5.5577,95.3222,79.02,82,100,9.89,light rain
262,Saint-Joseph,RE,-21.3667,55.6167,89.6,62,75,6.91,broken clouds
263,Saint-Augustin,CA,51.226,-58.6502,26.91,96,100,5.3,overcast clouds
264,Cayenne,GF,4.9333,-52.3333,82.4,69,75,14.97,broken clouds
265,Sao Jose Da Coroa Grande,BR,-8.8978,-35.1478,83.08,63,61,9.01,broken clouds
266,Tarko-Sale,RU,64.9225,77.785,-16.42,89,100,7.58,overcast clouds
267,Lata,PT,40.1629,-8.3327,53.01,76,40,10.36,scattered clouds
268,Ikungi,TZ,-5.1333,34.7667,73.36,76,100,4.59,light rain
269,Karratha,AU,-20.7377,116.8463,90.19,59,0,10.04,light rain
270,Lardos,GR,36.0942,28.0157,53.01,40,0,17.27,clear sky
271,Yandyki,RU,45.7691,47.1258,26.8,84,100,6.04,overcast clouds
272,Tondi,IN,9.7333,79.0167,80.01,71,0,11.48,clear sky
273,Iqaluit,CA,63.7506,-68.5145,32.0,74,90,20.71,snow
274,Hay River,CA,60.8156,-115.7999,23.0,80,100,13.8,light snow
275,Aklavik,CA,68.2191,-135.0107,-4.0,77,100,3.44,overcast clouds
276,Sao Sebastiao,BR,-23.76,-45.4097,83.55,68,100,2.15,overcast clouds
277,Pafos,CY,34.7667,32.4167,57.2,54,75,21.85,broken clouds
278,Salamanca,ES,40.8333,-6.0,48.0,65,100,13.0,overcast clouds
279,Hobyo,SO,5.3505,48.5268,79.43,66,66,23.62,broken clouds
280,Yulara,AU,-25.2406,130.9889,82.4,14,4,5.75,clear sky
281,Liyang,CN,29.7057,118.2862,42.49,63,0,2.42,clear sky
282,Nome,US,64.5011,-165.4064,-0.4,78,5,27.63,snow
283,Inongo,CD,-1.95,18.2667,83.3,62,75,5.37,light rain
284,Catalina,US,32.5056,-110.9211,57.0,49,99,1.99,overcast clouds
285,Islamkot,PK,24.6997,70.177,73.96,20,0,7.45,clear sky
286,Almaznyy,RU,48.0448,40.045,6.8,72,20,6.71,few clouds
287,Horsham,GB,51.064,-0.3272,50.0,87,75,17.27,light rain
288,Fortuna,US,40.5982,-124.1573,46.99,100,90,4.61,overcast clouds
289,Muros,ES,42.7762,-9.0603,55.0,77,100,26.55,overcast clouds
290,Deniliquin,AU,-35.5333,144.9667,57.0,59,0,3.0,clear sky
291,Belmonte,BR,-15.8631,-38.8828,82.4,65,40,6.91,scattered clouds
292,La Ronge,CA,55.1001,-105.2842,10.4,85,100,4.61,overcast clouds
293,Mount Isa,AU,-20.7333,139.5,86.0,51,90,8.05,overcast clouds
294,Te Anau,NZ,-45.4167,167.7167,43.74,87,100,7.99,light rain
295,Cozumel,MX,20.5083,-86.9458,72.0,88,40,5.75,scattered clouds
296,Nouadhibou,MR,20.931,-17.0347,69.8,26,100,13.8,overcast clouds
297,Carutapera,BR,-1.195,-46.02,84.74,67,14,7.92,few clouds
298,Oktyabrskiy,RU,54.4815,53.471,4.3,94,100,2.89,overcast clouds
299,Cockburn Town,TC,21.4612,-71.1419,78.01,79,100,18.34,overcast clouds
300,Ulladulla,AU,-35.35,150.4667,62.01,88,90,6.91,overcast clouds
301,San Jeronimo,PE,-11.9472,-75.2829,51.8,68,98,0.45,overcast clouds
302,Salalah,OM,17.0151,54.0924,80.6,47,0,4.61,clear sky
303,Sulangan,PH,11.1373,123.7228,78.48,84,100,11.68,overcast clouds
304,Spassk-Ryazanskiy,RU,54.4072,40.3806,2.34,94,100,2.33,snow
305,Juba,SS,4.8517,31.5825,101.34,14,69,7.47,broken clouds
306,Codrington,AU,-38.2667,141.9667,51.93,79,0,11.05,clear sky
307,Geraldton,AU,-28.7667,114.6,77.0,73,90,8.05,overcast clouds
308,Mount Gambier,AU,-37.8333,140.7667,51.8,76,0,9.22,clear sky
309,Zabaykalsk,RU,49.6333,117.3167,-6.63,91,58,5.66,broken clouds
310,Hastings,GB,50.8552,0.5729,50.0,81,100,8.01,overcast clouds
311,Bengkulu,ID,-3.8004,102.2655,79.07,81,85,6.22,overcast clouds
312,Inuvik,CA,68.3499,-133.7218,-4.0,77,100,3.44,overcast clouds
313,San Ramon,US,37.7799,-121.978,54.0,20,1,25.32,clear sky
314,Longyearbyen,SJ,78.2186,15.6401,15.8,62,40,23.02,scattered clouds
315,Takestan,IR,36.0696,49.6959,53.6,32,20,11.5,few clouds
316,Bayanday,RU,53.0661,105.5139,9.57,94,100,2.89,overcast clouds
317,Sterling,US,39.0062,-77.4286,33.01,64,75,6.91,broken clouds
318,Klyuchi,RU,52.2667,79.1667,-0.78,90,100,4.56,overcast clouds
319,Anadyr,RU,64.75,177.4833,-31.0,68,0,8.95,clear sky
320,Kirakira,SB,-10.4544,161.9205,81.86,77,5,5.39,light rain
321,Chojnow,PL,51.2737,15.9366,39.0,76,100,7.83,overcast clouds
322,Abu Dhabi,AE,24.4667,54.3667,75.2,69,0,8.05,clear sky
323,Kursk,RU,51.7303,36.1939,5.0,72,75,4.47,light snow
324,Norman Wells,CA,65.282,-126.8329,12.2,79,75,3.44,broken clouds
325,Alihe,CN,50.5667,123.7167,-11.4,85,48,2.53,light snow
326,Birao,CF,10.2849,22.7882,92.86,11,0,11.34,clear sky
327,Beringovskiy,RU,63.05,179.3167,-21.37,86,100,13.51,overcast clouds
328,Kautokeino,NO,69.0125,23.0412,8.22,95,100,3.53,overcast clouds
329,Farmington,US,36.7281,-108.2187,33.8,80,90,21.85,light snow
330,Tilichiki,RU,60.4667,166.1,-26.79,84,50,13.87,scattered clouds
331,Sartell,US,45.6216,-94.2069,10.4,85,90,2.35,light snow
332,Spartanburg,US,34.9496,-81.9321,35.01,80,90,3.47,overcast clouds
333,Ribeira Grande,PT,38.5167,-28.7,60.8,63,20,26.46,few clouds
334,Taltal,CL,-25.4,-70.4833,69.21,63,12,5.77,few clouds
335,Uusikaupunki,FI,60.8004,21.4084,32.0,100,90,11.5,light snow
336,Fukue,JP,32.6881,128.8419,47.19,63,0,14.9,clear sky
337,Mumbwa,ZM,-14.9783,27.0619,75.87,74,77,4.09,broken clouds
338,Atar,MR,20.5169,-13.0499,78.91,13,34,18.7,scattered clouds
339,Shitanjing,CN,39.2342,106.3439,24.35,69,0,4.09,clear sky
340,Bam,IR,29.106,58.357,65.05,25,0,9.19,clear sky
341,Kosh-Agach,RU,50.0,88.6667,4.3,78,0,2.24,clear sky
342,Samarai,PG,-10.6167,150.6667,84.79,77,85,11.83,overcast clouds
343,Lagoa,PT,39.05,-27.9833,58.71,68,16,33.58,few clouds
344,Aksu,CN,41.1231,80.2644,25.9,81,100,4.9,overcast clouds
345,Rota,ES,36.6224,-6.3586,59.0,77,75,6.91,broken clouds
346,Aksarka,RU,66.5606,67.7975,-19.61,87,100,3.53,overcast clouds
347,Sechura,PE,-5.5569,-80.8222,72.93,74,100,10.27,overcast clouds
348,Jiayuguan,CN,39.8167,98.3,19.44,68,73,3.62,broken clouds
349,Kidal,ML,18.4411,1.4078,83.43,13,0,16.24,clear sky
350,Kindu,CD,-2.95,25.95,86.58,50,100,4.61,overcast clouds
351,Labuhan,ID,-6.8844,112.2051,78.46,85,100,6.46,overcast clouds
352,Braganca,BR,-1.0536,-46.7656,80.69,87,30,4.14,scattered clouds
353,Wad Madani,SD,14.4012,33.5199,91.6,11,0,18.81,clear sky
354,Hasaki,JP,35.7333,140.8333,32.0,43,0,11.5,clear sky
355,Svetlogorsk,BY,52.6333,29.7333,6.75,93,100,3.29,overcast clouds
356,Freeport,US,40.6576,-73.5832,36.0,64,90,4.61,overcast clouds
357,Sikasso,ML,10.9167,-7.0,96.8,9,0,8.77,clear sky
358,Cravo Norte,CO,6.3017,-70.2041,79.7,60,0,15.14,clear sky
359,Puerto Rondon,CO,6.2805,-71.1,78.46,64,40,12.59,scattered clouds
360,Chiredzi,ZW,-21.05,31.6667,68.83,94,100,7.47,light rain
361,Kerouane,GN,9.2667,-9.0167,93.88,10,0,8.3,clear sky
362,Lora Del Rio,ES,37.659,-5.5275,55.99,71,40,1.14,scattered clouds
363,Kangaatsiaq,GL,68.3065,-53.4641,19.36,89,100,11.79,overcast clouds
364,Woodward,US,36.4337,-99.3904,35.01,80,90,14.97,overcast clouds
365,Sorland,NO,67.667,12.6934,35.6,64,0,17.27,clear sky
366,Tarauaca,BR,-8.1614,-70.7656,69.58,96,90,3.42,light rain
367,Dwarka,IN,22.2394,68.9678,71.51,58,0,13.29,clear sky
368,Goderich,CA,43.7501,-81.7165,30.2,80,100,18.41,light snow
369,Petropavlovsk-Kamchatskiy,RU,53.0452,158.6483,19.4,53,75,15.66,light snow
370,Tortoli,IT,39.9256,9.6572,55.4,41,0,10.36,clear sky
371,Richards Bay,ZA,-28.783,32.0377,87.4,47,0,17.34,clear sky
372,Severo-Yeniseyskiy,RU,60.3725,93.0408,-17.09,89,100,4.9,overcast clouds
373,Arecibo,PR,18.4724,-66.7157,78.01,80,100,1.99,overcast clouds
374,Yashalta,RU,46.3395,42.2762,23.81,95,100,9.1,overcast clouds
375,Bandar,ID,2.05,99.75,75.6,84,100,1.79,overcast clouds
376,Skjervoy,NO,70.0311,20.9714,21.2,73,20,12.66,few clouds
377,Los Pozos,VE,8.4518,-62.7268,77.86,76,97,7.14,overcast clouds
378,Ontario,US,34.0633,-117.6509,48.2,93,75,5.75,mist
379,Marsh Harbour,BS,26.5412,-77.0636,68.45,55,0,12.71,clear sky
380,Poya,NC,-21.35,165.15,79.81,84,72,1.14,light rain
381,Torres,BR,-29.3353,-49.7269,75.0,59,23,1.83,few clouds
382,Kadoshkino,RU,54.0257,44.4191,-3.42,93,96,4.03,overcast clouds
383,Penzance,GB,50.1186,-5.5371,50.0,93,75,26.46,broken clouds
384,Daru,PG,-9.0763,143.2092,81.54,82,97,3.74,overcast clouds
385,Panzhihua,CN,26.5851,101.7128,48.99,69,0,0.81,clear sky
386,Kemijarvi,FI,66.7131,27.4306,7.05,95,65,3.89,broken clouds
387,Sibolga,ID,1.7427,98.7792,78.35,76,42,2.48,scattered clouds
388,Zonguldak,TR,41.25,31.8333,27.14,95,93,4.12,overcast clouds
389,Horki,BY,54.2861,30.9842,8.6,78,90,2.24,light snow
390,Tura,IN,25.5198,90.2201,60.69,63,10,4.54,clear sky
391,Muli,MV,2.9167,73.5667,82.62,64,43,3.13,scattered clouds
392,Brae,GB,60.3964,-1.353,41.0,81,40,6.91,scattered clouds
393,Mounana,GA,-1.4085,13.1586,80.6,83,75,4.61,light rain
394,Whitianga,NZ,-36.8333,175.7,66.0,90,100,5.99,light rain
395,Northam,GB,51.0333,-4.2167,51.01,90,100,18.01,moderate rain
396,Hovd,MN,48.0056,91.6419,12.0,78,5,2.1,clear sky
397,Itarema,BR,-2.9248,-39.9167,81.82,74,80,13.24,broken clouds
398,Nuuk,GL,64.1835,-51.7216,28.0,80,40,18.41,scattered clouds
399,Rorvik,NO,64.8621,11.2373,30.2,59,0,13.8,clear sky
400,Miles City,US,46.4083,-105.8406,30.2,80,90,14.97,overcast clouds
401,Djougou,BJ,9.7085,1.666,87.8,10,0,16.11,clear sky
402,Fondi,IT,41.3541,13.4313,52.0,46,40,3.44,scattered clouds
403,Lahaina,US,20.8783,-156.6825,69.8,73,1,13.8,clear sky
404,Tianpeng,CN,30.9866,103.9393,50.0,1,96,3.36,overcast clouds
405,Kathu,TH,7.9178,98.3332,80.6,69,20,2.3,few clouds
406,Vryburg,ZA,-26.9566,24.7284,85.84,39,96,10.51,overcast clouds
407,Biak,ID,-0.9131,122.8766,78.85,82,100,2.19,light rain
408,Lere,NG,10.387,8.5726,88.12,12,0,11.52,clear sky
409,Maraa,BR,-1.8333,-65.3667,73.44,98,100,3.47,overcast clouds
410,Dunedin,NZ,-45.8742,170.5036,55.99,54,52,1.01,broken clouds
411,Axim,GH,4.8699,-2.2405,83.5,72,43,6.2,scattered clouds
412,Palamos,ES,41.8484,3.1291,57.0,24,0,12.48,clear sky
413,Faya,SA,18.3851,42.4509,77.0,52,20,11.5,few clouds
414,Mitu,CO,1.1983,-70.1733,75.07,87,100,5.03,overcast clouds
415,Kandrian,PG,-6.2167,149.55,79.72,84,100,6.42,overcast clouds
416,Rio Grande,BR,-32.035,-52.0986,73.99,72,0,4.76,clear sky
417,Shingu,JP,33.7333,135.9833,33.4,87,0,7.92,clear sky
418,Saint George,US,37.1041,-113.5841,39.99,44,20,3.58,few clouds
419,Akyab,MM,20.15,92.9,70.79,71,0,8.63,clear sky
420,Yendi,GH,9.4427,-0.0099,97.68,9,44,8.34,scattered clouds
421,Alice Springs,AU,-23.7,133.8833,77.0,20,0,3.44,clear sky
422,Zhoucheng,CN,35.9122,116.3117,38.21,75,0,7.67,clear sky
423,Half Moon Bay,US,37.4636,-122.4286,57.2,19,1,27.63,clear sky
424,Stephenville,US,32.2207,-98.2023,52.0,66,90,10.36,overcast clouds
425,Namibe,AO,-15.1961,12.1522,78.8,61,75,13.8,broken clouds
426,Harnosand,SE,62.6323,17.9379,10.0,85,90,10.36,overcast clouds
427,Bosaso,SO,11.2842,49.1816,76.8,54,21,10.36,few clouds
428,Amapa,BR,1.0,-52.0,74.88,92,100,3.56,overcast clouds
429,Henties Bay,NA,-22.116,14.2845,71.01,81,86,13.53,overcast clouds
430,Tampere,FI,61.4991,23.7871,30.2,93,75,3.44,light snow
431,Biu,NG,10.6129,12.1946,86.63,13,0,10.83,clear sky
432,Mackay,AU,-21.15,149.2,75.2,88,40,5.75,scattered clouds
433,Labytnangi,RU,66.6572,66.4183,-24.83,81,9,1.05,clear sky
434,Manacapuru,BR,-3.2997,-60.6206,78.8,89,40,3.44,scattered clouds
435,Nexo,DK,55.0607,15.1306,37.4,100,90,14.97,moderate rain
436,Gamba,GA,-2.65,10.0,79.27,77,94,2.48,overcast clouds
437,Tanete,ID,-3.9443,119.7848,75.38,90,100,4.38,light rain
438,Newport,GB,51.5877,-2.9984,52.0,96,100,3.0,light rain
439,Naze,JP,28.3667,129.4833,54.46,72,2,10.11,clear sky
440,Makakilo City,US,21.3469,-158.0858,69.8,83,90,5.75,light rain
441,Puerto Madryn,AR,-42.7692,-65.0385,75.38,41,0,7.85,clear sky
442,Placido De Castro,BR,-10.3353,-67.1856,72.01,76,78,3.27,broken clouds
443,Edd,ER,13.9297,41.6925,81.45,62,1,10.18,clear sky
444,Ganzhou,CN,28.8184,115.4327,48.83,48,0,1.5,clear sky
445,Lagos,NG,6.5833,3.75,96.67,37,29,4.81,scattered clouds
446,Nerekhta,RU,57.4588,40.5747,8.6,78,90,4.47,light snow
447,Gloucester,GB,51.8657,-2.2431,52.0,93,75,13.8,broken clouds
448,Manta,EC,-0.95,-80.7333,77.0,94,90,3.44,overcast clouds
449,Bandarbeyla,SO,9.4942,50.8122,75.88,69,94,22.91,overcast clouds
450,Antalya,TR,36.7741,30.7178,53.6,22,0,9.22,clear sky
451,Ixtapa,MX,20.7,-105.2,62.6,88,75,5.75,broken clouds
452,Amlame,TG,7.4667,0.9,95.49,26,90,5.82,overcast clouds
453,San Andres,CO,12.5847,-81.7006,80.6,78,20,14.97,few clouds
454,Kamina,CD,-8.7386,24.9906,79.77,58,13,8.97,few clouds
455,Lucapa,AO,-8.4192,20.7447,78.19,77,99,6.22,light rain
456,Finnsnes,NO,69.2296,17.9811,6.8,92,20,2.3,few clouds
457,Walvis Bay,NA,-22.9575,14.5053,77.0,50,41,12.66,scattered clouds
458,Farafangana,MG,-22.8167,47.8333,84.52,72,81,9.4,broken clouds
459,Huntley,US,42.1681,-88.4281,19.0,86,64,8.46,broken clouds
460,Zverinogolovskoye,RU,54.4586,64.8542,4.73,91,100,9.64,overcast clouds
461,Wajir,KE,1.7471,40.0573,99.68,16,100,14.25,overcast clouds
462,Sint-Truiden,BE,50.8154,5.184,48.2,87,75,14.97,broken clouds
463,Hambantota,LK,6.1241,81.1185,80.6,94,75,4.61,light rain
464,Evensk,RU,61.95,159.2333,-13.47,74,0,12.01,clear sky
465,Fuyu,CN,45.1833,124.8167,-4.9,87,0,8.48,clear sky
466,Moissala,TD,8.3404,17.7663,99.81,8,3,8.05,clear sky
467,Elat,IL,29.5581,34.9482,69.8,35,0,5.99,clear sky
468,Estelle,US,29.8458,-90.1067,52.0,87,20,8.05,few clouds
469,Stornoway,GB,58.2093,-6.3865,42.8,87,20,5.75,few clouds
470,Camacha,PT,33.0833,-16.3333,64.4,63,40,14.97,scattered clouds
471,Talnakh,RU,69.4865,88.3972,-23.24,86,100,3.98,overcast clouds
472,Makat,KZ,47.6469,53.3463,16.56,93,31,11.88,scattered clouds
473,Matagami,CA,49.7502,-77.6328,-0.4,92,90,3.44,light snow
474,Gimbi,ET,9.1667,35.8333,83.52,15,14,5.64,few clouds
475,Farad,HU,47.6063,17.2002,39.99,60,0,6.91,clear sky
476,Monzon,ES,41.9108,0.1941,48.2,71,0,2.3,clear sky
477,Tessalit,ML,20.1986,1.0114,82.27,12,62,14.92,broken clouds
478,Si Bun Ruang,TH,16.9667,102.2833,70.0,79,0,4.43,clear sky
479,Vostok,RU,46.4856,135.8833,-21.77,87,97,5.37,overcast clouds
480,Nelson Bay,AU,-32.7167,152.15,68.0,77,90,15.19,overcast clouds
481,Creston,US,41.0586,-94.3614,30.2,100,90,13.8,overcast clouds
482,Campos Belos,BR,-13.0367,-46.7717,79.52,69,6,4.07,light rain
483,Orlik,RU,52.5178,99.825,6.6,85,11,7.61,few clouds
484,Bonga,ET,7.2833,36.2333,86.0,20,73,0.96,broken clouds
485,Akdepe,TM,42.0551,59.3788,42.8,81,90,16.11,overcast clouds
486,Dafeng,CN,23.4517,108.5881,60.67,45,0,5.97,clear sky
487,Peniche,PT,39.3558,-9.3811,55.99,78,100,11.01,overcast clouds
488,Okha,RU,53.5739,142.9478,-14.15,83,100,27.11,overcast clouds
489,Katsuura,JP,35.1333,140.3,37.0,29,0,1.01,clear sky
490,Oistins,BB,13.0667,-59.5333,78.8,78,40,26.46,scattered clouds
491,Sabang,ID,5.8933,95.3214,80.62,80,100,17.49,moderate rain
492,Pauini,BR,-7.7136,-66.9764,72.37,98,100,1.81,light rain
493,Kibala,TD,9.1104,18.3463,95.0,15,0,9.22,clear sky
494,Kutum,SD,14.2,24.6667,79.65,15,0,9.73,clear sky
495,Cavalcante,BR,-13.7975,-47.4583,77.58,68,2,6.6,light rain
496,Khandyga,RU,62.6667,135.6,-44.63,79,100,0.65,overcast clouds
497,Young,UY,-32.6833,-57.6333,80.01,46,0,1.99,clear sky
498,Garowe,SO,8.4054,48.4845,89.46,12,94,17.98,overcast clouds
499,Opuwo,NA,-18.0607,13.84,77.88,45,100,4.79,overcast clouds
500,Suntar,RU,62.1444,117.6319,-34.58,82,100,7.38,overcast clouds
501,Udachnyy,RU,66.4167,112.4,-57.42,51,81,3.18,broken clouds
502,Mpongwe,ZM,-13.5091,28.155,77.85,68,65,5.06,broken clouds
503,Yanam,IN,16.7333,82.2167,82.4,69,0,6.91,haze
504,Moissac,FR,44.1024,1.0945,52.0,76,0,9.22,clear sky
505,Coquimbo,CL,-29.9533,-71.3436,60.8,82,90,4.61,overcast clouds
506,Shimoda,JP,34.6667,138.95,30.0,69,83,11.45,broken clouds
507,Mogadishu,SO,2.0371,45.3438,82.11,58,97,24.2,overcast clouds
508,Bani Walid,LY,31.7566,13.9942,57.38,46,98,11.18,overcast clouds
509,Turukhansk,RU,65.8167,87.9833,-18.06,88,100,4.63,overcast clouds
510,San Patricio,US,28.017,-97.5169,69.8,83,90,17.27,overcast clouds
511,Tecoanapa,MX,16.5167,-98.75,73.58,78,0,3.8,clear sky
512,Zavoronezhskoye,RU,52.8801,40.5526,-3.35,92,90,3.02,overcast clouds
513,Ojdula,RO,45.9833,26.25,21.99,81,100,7.7,overcast clouds
514,Moerai,PF,-22.4333,-151.3333,80.11,76,92,12.28,overcast clouds
515,Novaya Zaimka,RU,56.4857,66.9241,-6.07,88,100,4.63,overcast clouds
516,Lasa,IT,46.6166,10.7002,37.99,55,0,6.91,clear sky
517,Abu Samrah,SY,35.3029,37.1841,48.69,75,95,8.86,overcast clouds
518,San Quintin,MX,30.4833,-115.95,59.85,78,92,8.14,overcast clouds
519,Portland,US,45.5234,-122.6762,37.0,86,1,4.61,mist
520,Tarazona,ES,41.9,-1.7333,48.99,87,75,4.61,broken clouds
521,Nagornyy,RU,52.7959,83.5498,-0.4,78,0,8.95,clear sky
522,Sioux Lookout,CA,50.1001,-91.917,-5.8,84,90,2.3,light snow
523,Balykshi,KZ,47.0667,51.8667,19.4,79,40,13.42,scattered clouds
524,Batemans Bay,AU,-35.7167,150.1833,62.01,68,100,4.0,overcast clouds
525,Praia,CV,14.9215,-23.5087,75.2,53,100,23.02,overcast clouds
526,Kavaratti,IN,10.5669,72.642,82.56,65,0,1.66,clear sky
527,Jinka,ET,5.65,36.65,88.54,22,11,1.57,few clouds
528,Verkhnyaya Inta,RU,65.9811,60.3094,-4.16,92,100,7.31,light snow
529,Salto Del Guaira,PY,-24.0625,-54.3069,72.61,95,100,5.17,overcast clouds
530,Martapura,ID,-3.4167,114.85,80.6,89,90,4.61,overcast clouds
531,Derzhavinsk,KZ,51.1,66.3167,8.01,93,100,16.44,overcast clouds
532,Saucillo,MX,28.0167,-105.2833,54.3,38,100,6.98,overcast clouds
533,Arica,CL,-18.475,-70.3042,73.4,56,0,3.44,clear sky
534,Corinto,GR,37.9407,22.9573,46.99,49,2,4.0,clear sky
535,Hualmay,PE,-11.0964,-77.6139,72.52,74,89,4.29,overcast clouds
536,Sosnovka,RU,56.255,51.2842,4.06,94,100,3.91,snow
537,Kulhudhuffushi,MV,6.6221,73.07,82.02,67,0,8.7,clear sky
538,Emmett,US,43.8735,-116.4993,28.99,76,0,5.01,clear sky
539,Botucatu,BR,-22.8858,-48.445,74.17,87,100,6.38,moderate rain
540,Catuday,PH,16.2923,119.8062,77.7,72,100,4.12,overcast clouds
541,Campo Maior,BR,-4.8278,-42.1686,80.64,80,100,4.68,overcast clouds
542,Batagay-Alyta,RU,67.8006,130.4114,-32.19,82,99,2.75,overcast clouds
543,Wembley,AU,-31.9333,115.8,77.0,78,40,8.05,scattered clouds
544,Sungairaya,ID,0.7,108.9,78.13,86,79,8.39,broken clouds
545,Harlingen,US,26.1906,-97.6961,69.01,94,20,14.97,few clouds
546,Sauce,UY,-34.6469,-56.0628,78.8,50,0,10.36,clear sky
547,Sinjar,IQ,36.3209,41.8754,52.74,56,88,14.72,overcast clouds
548,Toora-Khem,RU,52.4675,96.11,7.7,92,92,2.93,overcast clouds
549,Neftcala,AZ,39.3742,49.2472,42.04,82,100,22.37,overcast clouds
550,Kathmandu,NP,27.7167,85.3167,55.4,62,20,2.3,few clouds
551,Manokwari,ID,-0.8667,134.0833,79.97,73,22,1.68,few clouds
552,Chara,RU,56.9064,118.2631,-14.46,82,100,1.59,overcast clouds
553,Petrovsk-Zabaykalskiy,RU,51.273,108.843,3.79,90,97,1.23,overcast clouds
554,Kungur,RU,57.4368,56.9593,12.16,92,100,10.0,overcast clouds
555,Lidkoping,SE,58.5052,13.1577,33.8,93,75,11.5,snow
556,Roebourne,AU,-20.7833,117.1333,90.97,55,2,10.67,light rain
557,Bharatpur,IN,27.2167,77.4833,62.38,56,0,4.27,clear sky
558,Coahuayana,MX,18.7333,-103.6833,69.58,69,98,3.65,overcast clouds
559,Berlevag,NO,70.8578,29.0864,26.6,68,75,9.22,light snow
560,Warwick,US,41.7001,-71.4162,30.99,74,20,5.75,few clouds
561,Bull Savanna,JM,17.8868,-77.5902,73.15,81,99,8.68,overcast clouds
562,Yoichi,JP,43.2039,140.7703,15.01,88,100,14.9,light snow
563,Uruzgan,AF,32.8333,66.0,47.75,50,0,0.43,clear sky
564,Dali,CN,25.7,100.1833,45.36,79,11,5.26,light rain
565,Punta Alta,AR,-38.8759,-62.0736,83.98,22,0,13.27,clear sky
566,Waverly,US,42.7392,-84.6208,26.6,74,90,9.22,overcast clouds
567,Masuguru,TZ,-11.3667,38.4167,93.11,50,100,2.35,overcast clouds
568,Alofi,NU,-19.0595,-169.9187,73.4,100,92,1.14,overcast clouds
569,Kapit,MY,2.0167,112.9333,74.89,94,100,2.1,light rain
570,Springbok,ZA,-29.6643,17.8865,83.88,20,0,17.43,clear sky
571,Matara,LK,5.9485,80.5353,78.3,87,2,6.17,light rain
572,Camocim,BR,-2.9022,-40.8411,81.86,74,79,10.98,broken clouds
573,Camana,PE,-16.6228,-72.7111,73.58,69,7,7.18,clear sky
574,Whitehorse,CA,60.7161,-135.0538,30.2,86,20,17.27,few clouds
575,Kumluca,TR,36.3703,30.2869,49.68,58,79,6.62,broken clouds
576,Sakakah,SA,29.9697,40.2064,68.0,19,0,16.11,clear sky
577,Kigoma,TZ,-4.8769,29.6267,77.0,73,75,5.75,broken clouds
578,Aloleng,PH,16.1307,119.7824,78.64,70,100,6.87,overcast clouds
579,Mastic Beach,US,40.7668,-72.8521,35.01,69,90,4.61,overcast clouds
580,Grand Gaube,MU,-20.0064,57.6608,84.0,78,0,5.01,clear sky
581,Ulaangom,MN,49.9811,92.0667,-18.62,86,65,1.7,broken clouds
582,Penalva,BR,-3.2942,-45.1736,80.82,88,100,4.14,overcast clouds
583,Belaya Gora,RU,68.5333,146.4167,-43.46,81,26,2.84,scattered clouds
584,Sawtell,AU,-30.3833,153.1,69.8,88,90,9.22,overcast clouds
585,Rio Gallegos,AR,-51.6226,-69.2181,59.0,47,40,12.66,scattered clouds
586,Ciudad Bolivar,VE,8.1222,-63.5497,79.39,71,80,12.08,broken clouds
587,Roald,NO,62.5833,6.1333,37.99,56,0,14.97,clear sky
588,Marsa Matruh,EG,31.3525,27.2453,59.0,63,75,12.66,light rain
589,Amalapuram,IN,16.5833,82.0167,82.4,69,0,6.91,haze
590,Houston,US,29.7633,-95.3633,64.99,82,90,6.91,overcast clouds
591,Yataity,PY,-26.3667,-56.0667,79.21,54,0,3.87,clear sky
592,Senanga,ZM,-16.1167,23.2667,78.15,75,94,6.46,moderate rain
593,Gunnedah,AU,-30.9833,150.25,68.0,75,0,4.0,clear sky
594,Ngorongoro,TZ,-3.2397,35.4875,65.57,85,87,0.67,moderate rain
595,Glendive,US,47.1053,-104.7125,25.0,86,20,10.36,few clouds
596,Ketchikan,US,55.3422,-131.6461,42.8,87,90,3.44,moderate rain
597,Kanniyakumari,IN,8.0833,77.5667,80.65,71,0,11.79,clear sky
598,Iskateley,RU,67.6803,53.1512,-9.08,90,100,11.72,overcast clouds
599,Isangel,VU,-19.55,169.2667,81.39,82,99,3.02,light rain
600,Asyut,EG,27.181,31.1837,64.4,39,0,11.5,clear sky
601,Krasnoshchekovo,RU,51.6708,82.7289,7.0,92,100,2.37,overcast clouds
602,Port Macquarie,AU,-31.4333,152.9167,66.2,100,90,4.61,overcast clouds
603,Cap Malheureux,MU,-19.9842,57.6142,84.0,78,0,5.01,clear sky
604,Zhangye,CN,38.9342,100.4517,21.85,70,85,6.62,overcast clouds
605,Baherden,TM,38.4362,57.4316,53.83,55,0,3.89,clear sky
606,Quebo,GW,11.3333,-14.9333,98.06,9,0,8.19,clear sky
607,Zatoka,UA,46.0725,30.4654,12.2,67,0,6.71,clear sky
608,Anori,BR,-3.7728,-61.6442,76.01,96,100,2.37,overcast clouds
609,Sabya,SA,17.1495,42.6254,87.8,58,20,11.5,few clouds
610,Ucluelet,CA,48.9329,-125.5528,37.99,91,100,4.14,overcast clouds
611,Salumbar,IN,24.1333,74.05,71.6,53,0,1.19,haze
612,Sinnamary,GF,5.3833,-52.95,80.62,75,21,13.13,few clouds
613,Palana,RU,59.1167,159.9667,-13.85,90,0,16.82,clear sky
614,Moyale,KE,3.5167,39.0584,90.97,15,100,12.95,overcast clouds
615,Vestmannaeyjar,IS,63.4427,-20.2734,33.8,64,20,19.57,few clouds
616,Kenai,US,60.5544,-151.2583,33.01,80,90,20.71,overcast clouds
617,Yanggu,CN,36.1106,115.7753,37.33,74,0,0.74,clear sky
618,Hirtshals,DK,57.5881,9.9592,35.6,93,75,9.22,broken clouds
619,Atasu,KZ,48.6814,71.6433,18.99,89,100,3.09,overcast clouds
620,Rawlins,US,41.7911,-107.2387,12.2,79,90,4.61,overcast clouds
621,Cam Ranh,VN,11.9214,109.1591,73.4,68,40,13.8,scattered clouds
622,Turochak,RU,52.2576,87.1224,7.23,93,100,1.63,overcast clouds
623,Christchurch,NZ,-43.5333,172.6333,53.01,58,100,8.05,overcast clouds
624,Hibbing,US,47.4272,-92.9377,-0.4,78,90,9.22,mist
625,Taunggyi,MM,20.7833,97.0333,53.46,84,6,3.96,clear sky
626,Aykhal,RU,66.0,111.5,-52.71,72,100,2.19,overcast clouds
627,Manado,ID,1.487,124.8455,80.6,83,40,1.14,scattered clouds
628,Mafeteng,LS,-29.823,27.2374,78.8,65,75,17.27,broken clouds
629,Sao Felix Do Xingu,BR,-6.6447,-51.995,78.69,90,85,0.29,moderate rain
630,Mahebourg,MU,-20.4081,57.7,84.2,79,75,13.8,broken clouds
631,Mayumba,GA,-3.432,10.6554,81.75,69,99,6.53,overcast clouds
632,Drochtersen,DE,53.7102,9.3846,39.99,94,100,5.01,overcast clouds
633,Kalat,PK,29.0225,66.5916,51.17,45,0,7.36,clear sky
634,Farafenni,GM,13.5667,-15.6,95.16,9,0,12.86,clear sky
635,Bagdarin,RU,54.4333,113.6,-14.93,86,75,0.65,broken clouds
636,Omidiyeh,IR,30.7597,49.705,71.6,46,0,11.5,clear sky
637,Ahipara,NZ,-35.1667,173.1667,66.74,89,100,14.43,overcast clouds
638,Abu Zabad,SD,12.35,29.25,87.22,12,9,19.35,clear sky
639,Imbituba,BR,-28.24,-48.6703,73.4,68,75,11.5,broken clouds
640,Aswan,EG,24.0934,32.907,70.29,22,100,14.18,overcast clouds
641,Aquiraz,BR,-3.9014,-38.3911,80.6,78,75,10.36,broken clouds
642,Gympie,AU,-26.1898,152.665,73.99,90,1,4.21,clear sky
643,Nouakchott,MR,18.0858,-15.9785,77.0,10,45,21.85,dust
644,Leshukonskoye,RU,64.8989,45.7622,16.66,97,100,8.48,light snow
645,Xai-Xai,MZ,-25.0519,33.6442,82.11,64,99,11.56,overcast clouds
646,Erenhot,CN,43.6475,111.9767,10.0,89,99,5.88,overcast clouds
647,Maldonado,UY,-34.6667,-54.9167,82.4,42,0,10.36,clear sky
648,Chengde,CN,40.9725,117.9361,14.54,86,0,0.72,clear sky
649,Porto Velho,BR,-8.7619,-63.9039,75.2,94,90,3.44,moderate rain
650,Villeneuve-Sur-Lot,FR,44.5,0.6667,51.01,76,0,9.22,clear sky
651,Kailua,US,21.4022,-157.7394,71.6,88,90,24.16,moderate rain
652,Loikaw,MM,19.6742,97.2094,61.32,63,0,5.12,clear sky
653,Vanimo,PG,-2.6741,141.3028,79.52,79,100,1.63,overcast clouds
654,Nioro,GM,13.35,-15.75,94.98,9,0,11.25,clear sky
655,Pingxiang,CN,27.6167,113.85,47.95,52,0,4.76,clear sky
656,Sosva,RU,59.1766,61.8558,-6.7,88,100,4.47,overcast clouds
657,Jedburgh,GB,55.48,-2.552,39.99,96,100,4.45,light rain
658,Tynda,RU,55.1667,124.7167,-33.56,80,100,2.3,overcast clouds
659,Hami,CN,42.8,93.45,19.78,73,93,3.74,overcast clouds
660,Antofagasta,CL,-23.65,-70.4,68.0,73,20,5.75,few clouds
661,Abha,SA,18.2164,42.5053,77.0,52,20,11.5,few clouds
662,Opunake,NZ,-39.4556,173.8583,55.0,81,60,11.99,broken clouds
663,Shambu,ET,9.5667,37.1,74.84,19,27,3.11,scattered clouds
664,Homer,US,59.6425,-151.5483,32.0,74,90,24.16,overcast clouds
665,Zhigalovo,RU,54.8097,105.1578,5.29,92,100,4.81,overcast clouds
666,Marathon,US,44.9,-89.7668,12.2,73,1,9.22,clear sky
667,Akure,NG,7.2526,5.1931,98.33,13,50,4.68,scattered clouds
668,Zhezkazgan,KZ,47.8043,67.7144,17.13,95,98,5.68,overcast clouds
669,Bambanglipuro,ID,-7.95,110.2833,79.02,83,100,3.31,light rain
670,Kampot,KH,10.6167,104.1833,77.0,73,0,2.3,clear sky
671,Nea Alikarnassos,GR,35.3333,25.1667,46.4,87,75,13.8,broken clouds
672,Luzhany,UA,48.3649,25.7717,27.0,72,78,3.18,broken clouds
673,Abu Kamal,SY,34.4506,40.9171,60.21,41,95,18.07,overcast clouds
674,Ourossogui,SN,15.6064,-13.3211,86.0,32,58,4.61,broken clouds
675,Hervey Bay,AU,-25.2986,152.8535,75.0,82,0,1.01,clear sky
676,Chunskiy,RU,56.0815,99.6342,4.87,93,100,7.63,overcast clouds
677,Athabasca,CA,54.7169,-113.2854,19.4,79,100,4.61,overcast clouds
678,Kiama,AU,-34.6833,150.8667,64.0,84,100,1.99,light rain
679,Moroni,KM,-11.7022,43.2551,83.25,72,100,8.34,overcast clouds
680,Mnogovershinnyy,RU,53.9353,139.9242,-21.98,82,99,8.37,overcast clouds
